-- Users
insert into api_user(first_name, last_name, email, password, role) values ('Emily','Johnson','emily.johnson@example.com','$2a$10$WW6Ivokl7AAI9UqJs05qkunOFduWOkZ/tBmc9Wd1FPBnrk2jjQIcy','ADMIN');
insert into api_user(first_name, last_name, email, password, role) values ('Carlos','Rodriguez','carlos.rodriguez@example.com','$2a$10$knZ/et.LDRCVh4BGHaOTXOuMOR8cDi9TE6Iij2Rwti6MZrScTl9KS','USER');
insert into api_user(first_name, last_name, email, password, role) values ('Samantha','Lee','samantha.lee@example.com','$2a$10$BBDYrNvU/5FUteSpTqq3HeWsAtSdleEEeaMNd.0X.xU.I8mMZFyRu','USER');
insert into api_user(first_name, last_name, email, password, role) values ('Daniel','Kim','daniel.kim@example.com','$2a$10$DJGWNYJi4ws6RrfwjbbWd.jVOgdFUCMJgyji3cu8EbRgv4e/v.AWa','USER');
insert into api_user(first_name, last_name, email, password, role) values ('Julia','Martinez','julia.martinez@example.com','$2a$10$wJoOrfalRkUP6H2vT0Unyeil8tOQc96dqQJl3N3iYEWwVUVeHd5qW','USER');

-- Continents
insert into continent(code, name) values ('AF','Africa');
insert into continent(code, name) values ('AN','Antarctica');
insert into continent(code, name) values ('AS','Asia');
insert into continent(code, name) values ('EU','Europe');
insert into continent(code, name) values ('NA','North America');
insert into continent(code, name) values ('OC','Oceania');
insert into continent(code, name) values ('SA','South America');

-- Countries
insert into country(code, name, continent_code) values ('AO','Angola','AF');
insert into country(code, name, continent_code) values ('BF','Burkina Faso','AF');
insert into country(code, name, continent_code) values ('BI','Burundi','AF');
insert into country(code, name, continent_code) values ('BJ','Benin','AF');
insert into country(code, name, continent_code) values ('BW','Botswana','AF');
insert into country(code, name, continent_code) values ('CD','Democratic Republic of the Congo','AF');
insert into country(code, name, continent_code) values ('CF','Central African Republic','AF');
insert into country(code, name, continent_code) values ('CG','Republic of the Congo','AF');
insert into country(code, name, continent_code) values ('CI','Ivory Coast','AF');
insert into country(code, name, continent_code) values ('CM','Cameroon','AF');
insert into country(code, name, continent_code) values ('CV','Cape Verde','AF');
insert into country(code, name, continent_code) values ('DJ','Djibouti','AF');
insert into country(code, name, continent_code) values ('DZ','Algeria','AF');
insert into country(code, name, continent_code) values ('EG','Egypt','AF');
insert into country(code, name, continent_code) values ('EH','Western Sahara','AF');
insert into country(code, name, continent_code) values ('ER','Eritrea','AF');
insert into country(code, name, continent_code) values ('ET','Ethiopia','AF');
insert into country(code, name, continent_code) values ('GA','Gabon','AF');
insert into country(code, name, continent_code) values ('GH','Ghana','AF');
insert into country(code, name, continent_code) values ('GM','Gambia','AF');
insert into country(code, name, continent_code) values ('GN','Guinea','AF');
insert into country(code, name, continent_code) values ('GQ','Equatorial Guinea','AF');
insert into country(code, name, continent_code) values ('GW','Guinea-Bissau','AF');
insert into country(code, name, continent_code) values ('KE','Kenya','AF');
insert into country(code, name, continent_code) values ('KM','Comoros','AF');
insert into country(code, name, continent_code) values ('LR','Liberia','AF');
insert into country(code, name, continent_code) values ('LS','Lesotho','AF');
insert into country(code, name, continent_code) values ('LY','Libya','AF');
insert into country(code, name, continent_code) values ('MA','Morocco','AF');
insert into country(code, name, continent_code) values ('MG','Madagascar','AF');
insert into country(code, name, continent_code) values ('ML','Mali','AF');
insert into country(code, name, continent_code) values ('MR','Mauritania','AF');
insert into country(code, name, continent_code) values ('MU','Mauritius','AF');
insert into country(code, name, continent_code) values ('MW','Malawi','AF');
insert into country(code, name, continent_code) values ('MZ','Mozambique','AF');
insert into country(code, name, continent_code) values ('NA','Namibia','AF');
insert into country(code, name, continent_code) values ('NE','Niger','AF');
insert into country(code, name, continent_code) values ('NG','Nigeria','AF');
insert into country(code, name, continent_code) values ('RE','Réunion','AF');
insert into country(code, name, continent_code) values ('RW','Rwanda','AF');
insert into country(code, name, continent_code) values ('SC','Seychelles','AF');
insert into country(code, name, continent_code) values ('SD','Sudan','AF');
insert into country(code, name, continent_code) values ('SH','Saint Helena','AF');
insert into country(code, name, continent_code) values ('SL','Sierra Leone','AF');
insert into country(code, name, continent_code) values ('SN','Senegal','AF');
insert into country(code, name, continent_code) values ('SO','Somalia','AF');
insert into country(code, name, continent_code) values ('SS','South Sudan','AF');
insert into country(code, name, continent_code) values ('ST','São Tomé and Príncipe','AF');
insert into country(code, name, continent_code) values ('SZ','Swaziland','AF');
insert into country(code, name, continent_code) values ('TD','Chad','AF');
insert into country(code, name, continent_code) values ('TG','Togo','AF');
insert into country(code, name, continent_code) values ('TN','Tunisia','AF');
insert into country(code, name, continent_code) values ('TZ','Tanzania','AF');
insert into country(code, name, continent_code) values ('UG','Uganda','AF');
insert into country(code, name, continent_code) values ('YT','Mayotte','AF');
insert into country(code, name, continent_code) values ('ZA','South Africa','AF');
insert into country(code, name, continent_code) values ('ZM','Zambia','AF');
insert into country(code, name, continent_code) values ('ZW','Zimbabwe','AF');
insert into country(code, name, continent_code) values ('AQ','Antarctica','AN');
insert into country(code, name, continent_code) values ('BV','Bouvet Island','AN');
insert into country(code, name, continent_code) values ('GS','South Georgia and the South Sandwich Islands','AN');
insert into country(code, name, continent_code) values ('HM','Heard Island and McDonald Islands','AN');
insert into country(code, name, continent_code) values ('TF','French Southern Territories','AN');
insert into country(code, name, continent_code) values ('AE','United Arab Emirates','AS');
insert into country(code, name, continent_code) values ('AF','Afghanistan','AS');
insert into country(code, name, continent_code) values ('AM','Armenia','AS');
insert into country(code, name, continent_code) values ('AZ','Azerbaijan','AS');
insert into country(code, name, continent_code) values ('BD','Bangladesh','AS');
insert into country(code, name, continent_code) values ('BH','Bahrain','AS');
insert into country(code, name, continent_code) values ('BN','Brunei','AS');
insert into country(code, name, continent_code) values ('BT','Bhutan','AS');
insert into country(code, name, continent_code) values ('CC','Cocos [Keeling] Islands','AS');
insert into country(code, name, continent_code) values ('CN','China','AS');
insert into country(code, name, continent_code) values ('CX','Christmas Island','AS');
insert into country(code, name, continent_code) values ('GE','Georgia','AS');
insert into country(code, name, continent_code) values ('HK','Hong Kong','AS');
insert into country(code, name, continent_code) values ('ID','Indonesia','AS');
insert into country(code, name, continent_code) values ('IL','Israel','AS');
insert into country(code, name, continent_code) values ('IN','India','AS');
insert into country(code, name, continent_code) values ('IO','British Indian Ocean Territory','AS');
insert into country(code, name, continent_code) values ('IQ','Iraq','AS');
insert into country(code, name, continent_code) values ('IR','Iran','AS');
insert into country(code, name, continent_code) values ('JO','Jordan','AS');
insert into country(code, name, continent_code) values ('JP','Japan','AS');
insert into country(code, name, continent_code) values ('KG','Kyrgyzstan','AS');
insert into country(code, name, continent_code) values ('KH','Cambodia','AS');
insert into country(code, name, continent_code) values ('KP','North Korea','AS');
insert into country(code, name, continent_code) values ('KR','South Korea','AS');
insert into country(code, name, continent_code) values ('KW','Kuwait','AS');
insert into country(code, name, continent_code) values ('KZ','Kazakhstan','AS');
insert into country(code, name, continent_code) values ('LA','Laos','AS');
insert into country(code, name, continent_code) values ('LB','Lebanon','AS');
insert into country(code, name, continent_code) values ('LK','Sri Lanka','AS');
insert into country(code, name, continent_code) values ('MM','Myanmar [Burma]','AS');
insert into country(code, name, continent_code) values ('MN','Mongolia','AS');
insert into country(code, name, continent_code) values ('MO','Macao','AS');
insert into country(code, name, continent_code) values ('MV','Maldives','AS');
insert into country(code, name, continent_code) values ('MY','Malaysia','AS');
insert into country(code, name, continent_code) values ('NP','Nepal','AS');
insert into country(code, name, continent_code) values ('OM','Oman','AS');
insert into country(code, name, continent_code) values ('PH','Philippines','AS');
insert into country(code, name, continent_code) values ('PK','Pakistan','AS');
insert into country(code, name, continent_code) values ('PS','Palestine','AS');
insert into country(code, name, continent_code) values ('QA','Qatar','AS');
insert into country(code, name, continent_code) values ('SA','Saudi Arabia','AS');
insert into country(code, name, continent_code) values ('SG','Singapore','AS');
insert into country(code, name, continent_code) values ('SY','Syria','AS');
insert into country(code, name, continent_code) values ('TH','Thailand','AS');
insert into country(code, name, continent_code) values ('TJ','Tajikistan','AS');
insert into country(code, name, continent_code) values ('TM','Turkmenistan','AS');
insert into country(code, name, continent_code) values ('TR','Turkey','AS');
insert into country(code, name, continent_code) values ('TW','Taiwan','AS');
insert into country(code, name, continent_code) values ('UZ','Uzbekistan','AS');
insert into country(code, name, continent_code) values ('VN','Vietnam','AS');
insert into country(code, name, continent_code) values ('YE','Yemen','AS');
insert into country(code, name, continent_code) values ('AD','Andorra','EU');
insert into country(code, name, continent_code) values ('AL','Albania','EU');
insert into country(code, name, continent_code) values ('AT','Austria','EU');
insert into country(code, name, continent_code) values ('AX','Åland','EU');
insert into country(code, name, continent_code) values ('BA','Bosnia and Herzegovina','EU');
insert into country(code, name, continent_code) values ('BE','Belgium','EU');
insert into country(code, name, continent_code) values ('BG','Bulgaria','EU');
insert into country(code, name, continent_code) values ('BY','Belarus','EU');
insert into country(code, name, continent_code) values ('CH','Switzerland','EU');
insert into country(code, name, continent_code) values ('CY','Cyprus','EU');
insert into country(code, name, continent_code) values ('CZ','Czech Republic','EU');
insert into country(code, name, continent_code) values ('DE','Germany','EU');
insert into country(code, name, continent_code) values ('DK','Denmark','EU');
insert into country(code, name, continent_code) values ('EE','Estonia','EU');
insert into country(code, name, continent_code) values ('ES','Spain','EU');
insert into country(code, name, continent_code) values ('FI','Finland','EU');
insert into country(code, name, continent_code) values ('FO','Faroe Islands','EU');
insert into country(code, name, continent_code) values ('FR','France','EU');
insert into country(code, name, continent_code) values ('GB','United Kingdom','EU');
insert into country(code, name, continent_code) values ('GG','Guernsey','EU');
insert into country(code, name, continent_code) values ('GI','Gibraltar','EU');
insert into country(code, name, continent_code) values ('GR','Greece','EU');
insert into country(code, name, continent_code) values ('HR','Croatia','EU');
insert into country(code, name, continent_code) values ('HU','Hungary','EU');
insert into country(code, name, continent_code) values ('IE','Ireland','EU');
insert into country(code, name, continent_code) values ('IM','Isle of Man','EU');
insert into country(code, name, continent_code) values ('IS','Iceland','EU');
insert into country(code, name, continent_code) values ('IT','Italy','EU');
insert into country(code, name, continent_code) values ('JE','Jersey','EU');
insert into country(code, name, continent_code) values ('LI','Liechtenstein','EU');
insert into country(code, name, continent_code) values ('LT','Lithuania','EU');
insert into country(code, name, continent_code) values ('LU','Luxembourg','EU');
insert into country(code, name, continent_code) values ('LV','Latvia','EU');
insert into country(code, name, continent_code) values ('MC','Monaco','EU');
insert into country(code, name, continent_code) values ('MD','Moldova','EU');
insert into country(code, name, continent_code) values ('ME','Montenegro','EU');
insert into country(code, name, continent_code) values ('MK','North Macedonia','EU');
insert into country(code, name, continent_code) values ('MT','Malta','EU');
insert into country(code, name, continent_code) values ('NL','Netherlands','EU');
insert into country(code, name, continent_code) values ('NO','Norway','EU');
insert into country(code, name, continent_code) values ('PL','Poland','EU');
insert into country(code, name, continent_code) values ('PT','Portugal','EU');
insert into country(code, name, continent_code) values ('RO','Romania','EU');
insert into country(code, name, continent_code) values ('RS','Serbia','EU');
insert into country(code, name, continent_code) values ('RU','Russia','EU');
insert into country(code, name, continent_code) values ('SE','Sweden','EU');
insert into country(code, name, continent_code) values ('SI','Slovenia','EU');
insert into country(code, name, continent_code) values ('SJ','Svalbard and Jan Mayen','EU');
insert into country(code, name, continent_code) values ('SK','Slovakia','EU');
insert into country(code, name, continent_code) values ('SM','San Marino','EU');
insert into country(code, name, continent_code) values ('UA','Ukraine','EU');
insert into country(code, name, continent_code) values ('VA','Vatican City','EU');
insert into country(code, name, continent_code) values ('XK','Kosovo','EU');
insert into country(code, name, continent_code) values ('AG','Antigua and Barbuda','NA');
insert into country(code, name, continent_code) values ('AI','Anguilla','NA');
insert into country(code, name, continent_code) values ('AW','Aruba','NA');
insert into country(code, name, continent_code) values ('BB','Barbados','NA');
insert into country(code, name, continent_code) values ('BL','Saint Barthélemy','NA');
insert into country(code, name, continent_code) values ('BM','Bermuda','NA');
insert into country(code, name, continent_code) values ('BQ','Bonaire','NA');
insert into country(code, name, continent_code) values ('BS','Bahamas','NA');
insert into country(code, name, continent_code) values ('BZ','Belize','NA');
insert into country(code, name, continent_code) values ('CA','Canada','NA');
insert into country(code, name, continent_code) values ('CR','Costa Rica','NA');
insert into country(code, name, continent_code) values ('CU','Cuba','NA');
insert into country(code, name, continent_code) values ('CW','Curacao','NA');
insert into country(code, name, continent_code) values ('DM','Dominica','NA');
insert into country(code, name, continent_code) values ('DO','Dominican Republic','NA');
insert into country(code, name, continent_code) values ('GD','Grenada','NA');
insert into country(code, name, continent_code) values ('GL','Greenland','NA');
insert into country(code, name, continent_code) values ('GP','Guadeloupe','NA');
insert into country(code, name, continent_code) values ('GT','Guatemala','NA');
insert into country(code, name, continent_code) values ('HN','Honduras','NA');
insert into country(code, name, continent_code) values ('HT','Haiti','NA');
insert into country(code, name, continent_code) values ('JM','Jamaica','NA');
insert into country(code, name, continent_code) values ('KN','Saint Kitts and Nevis','NA');
insert into country(code, name, continent_code) values ('KY','Cayman Islands','NA');
insert into country(code, name, continent_code) values ('LC','Saint Lucia','NA');
insert into country(code, name, continent_code) values ('MF','Saint Martin','NA');
insert into country(code, name, continent_code) values ('MQ','Martinique','NA');
insert into country(code, name, continent_code) values ('MS','Montserrat','NA');
insert into country(code, name, continent_code) values ('MX','Mexico','NA');
insert into country(code, name, continent_code) values ('NI','Nicaragua','NA');
insert into country(code, name, continent_code) values ('PA','Panama','NA');
insert into country(code, name, continent_code) values ('PM','Saint Pierre and Miquelon','NA');
insert into country(code, name, continent_code) values ('PR','Puerto Rico','NA');
insert into country(code, name, continent_code) values ('SV','El Salvador','NA');
insert into country(code, name, continent_code) values ('SX','Sint Maarten','NA');
insert into country(code, name, continent_code) values ('TC','Turks and Caicos Islands','NA');
insert into country(code, name, continent_code) values ('TT','Trinidad and Tobago','NA');
insert into country(code, name, continent_code) values ('US','United States','NA');
insert into country(code, name, continent_code) values ('VC','Saint Vincent and the Grenadines','NA');
insert into country(code, name, continent_code) values ('VG','British Virgin Islands','NA');
insert into country(code, name, continent_code) values ('VI','U.S. Virgin Islands','NA');
insert into country(code, name, continent_code) values ('AS','American Samoa','OC');
insert into country(code, name, continent_code) values ('AU','Australia','OC');
insert into country(code, name, continent_code) values ('CK','Cook Islands','OC');
insert into country(code, name, continent_code) values ('FJ','Fiji','OC');
insert into country(code, name, continent_code) values ('FM','Micronesia','OC');
insert into country(code, name, continent_code) values ('GU','Guam','OC');
insert into country(code, name, continent_code) values ('KI','Kiribati','OC');
insert into country(code, name, continent_code) values ('MH','Marshall Islands','OC');
insert into country(code, name, continent_code) values ('MP','Northern Mariana Islands','OC');
insert into country(code, name, continent_code) values ('NC','New Caledonia','OC');
insert into country(code, name, continent_code) values ('NF','Norfolk Island','OC');
insert into country(code, name, continent_code) values ('NR','Nauru','OC');
insert into country(code, name, continent_code) values ('NU','Niue','OC');
insert into country(code, name, continent_code) values ('NZ','New Zealand','OC');
insert into country(code, name, continent_code) values ('PF','French Polynesia','OC');
insert into country(code, name, continent_code) values ('PG','Papua New Guinea','OC');
insert into country(code, name, continent_code) values ('PN','Pitcairn Islands','OC');
insert into country(code, name, continent_code) values ('PW','Palau','OC');
insert into country(code, name, continent_code) values ('SB','Solomon Islands','OC');
insert into country(code, name, continent_code) values ('TK','Tokelau','OC');
insert into country(code, name, continent_code) values ('TL','East Timor','OC');
insert into country(code, name, continent_code) values ('TO','Tonga','OC');
insert into country(code, name, continent_code) values ('TV','Tuvalu','OC');
insert into country(code, name, continent_code) values ('UM','U.S. Minor Outlying Islands','OC');
insert into country(code, name, continent_code) values ('VU','Vanuatu','OC');
insert into country(code, name, continent_code) values ('WF','Wallis and Futuna','OC');
insert into country(code, name, continent_code) values ('WS','Samoa','OC');
insert into country(code, name, continent_code) values ('AR','Argentina','SA');
insert into country(code, name, continent_code) values ('BO','Bolivia','SA');
insert into country(code, name, continent_code) values ('BR','Brazil','SA');
insert into country(code, name, continent_code) values ('CL','Chile','SA');
insert into country(code, name, continent_code) values ('CO','Colombia','SA');
insert into country(code, name, continent_code) values ('EC','Ecuador','SA');
insert into country(code, name, continent_code) values ('FK','Falkland Islands','SA');
insert into country(code, name, continent_code) values ('GF','French Guiana','SA');
insert into country(code, name, continent_code) values ('GY','Guyana','SA');
insert into country(code, name, continent_code) values ('PE','Peru','SA');
insert into country(code, name, continent_code) values ('PY','Paraguay','SA');
insert into country(code, name, continent_code) values ('SR','Suriname','SA');
insert into country(code, name, continent_code) values ('UY','Uruguay','SA');
insert into country(code, name, continent_code) values ('VE','Venezuela','SA');
